Abu Dhabi,
Adelaide,
Africa/Johannesburg,
Alaska,
Almaty,
American Samoa,
Amsterdam,
Arizona,
Asia/Magadan,
Astana,
Athens,
Atlantic Time (Canada),
Atlantic/Cape_Verde,
Auckland,
Australia/Perth,
Azores,
Baghdad,
Baku,
Bangkok,
Beijing,
Belgrade,
Berlin,
Bern,
Bogota,
Brasilia,
Bratislava,
Brisbane,
Brussels,
Bucharest,
Budapest,
Buenos Aires,
Cairo,
Canberra,
Cape Verde Is.,
Caracas,
Casablanca,
Central America,
Central Time (US & Canada),
Chennai,
Chihuahua,
Chongqing,
Copenhagen,
Darwin,
Dhaka,
Dublin,
Eastern Time (US & Canada),
Edinburgh,
Ekaterinburg,
Europe/London,
Fiji,
Georgetown,
Greenland,
Guadalajara,
Guam,
Hanoi,
Harare,
Hawaii,
Helsinki,
Hobart,
Hong Kong,
Indiana (East),
International Date Line West,
Irkutsk,
Islamabad,
Istanbul,
Jakarta,
Jerusalem,
Kabul,
Kamchatka,
Karachi,
Kathmandu,
Kolkata,
Krasnoyarsk,
Kuala Lumpur,
Kuwait,
Kyiv,
La Paz,
Lima,
Lisbon,
Ljubljana,
London,
Madrid,
Magadan,
Marshall Is.,
Mazatlan,
Melbourne,
Mexico City,
Mid-Atlantic,
Midway Island,
Minsk,
Monrovia,
Monterrey,
Moscow,
Mountain Time (US & Canada),
Mumbai,
Muscat,
Nairobi,
New Caledonia,
New Delhi,
Newfoundland,
Novosibirsk,
Nuku'alofa,
Osaka,
Pacific Time (US & Canada),
Pacific/Majuro,
Pacific/Port_Moresby,
Paris,
Perth,
Port Moresby,
Prague,
Pretoria,
Quito,
Rangoon,
Riga,
Riyadh,
Rome,
Samoa,
Santiago,
Sapporo,
Sarajevo,
Saskatchewan,
Seoul,
Singapore,
Skopje,
Sofia,
Solomon Is.,
Sri Jayawardenepura,
St. Petersburg,
Stockholm,
Sydney,
Taipei,
Tallinn,
Tashkent,
Tbilisi,
Tehran,
Tijuana,
Tokelau Is.,
Tokyo,
UTC,
Ulaan Bataar,
Urumqi,
Vienna,
Vilnius,
Vladivostok,
Volgograd,
Warsaw,
Wellington,
West Central Africa,
Yakutsk,
Yerevan,
Zagreb
